{
    "bgcolor": [
        1.0,
        0.7450980544090271,
        0.43529412150382996,
        1.0
    ],
    "color": [
        0.0,
        0.0,
        0.0,
        1.0
    ],
    "path": "",
    "weight": 2
}