{
    "bgcolor": [
        0.6470588445663452,
        0.11372549086809158,
        0.1764705926179886,
        1.0
    ],
    "color": [
        0.0,
        0.0,
        0.0,
        1.0
    ],
    "path": "/home/enolagal/3D-Viewer/src/assets/teapot.obj",
    "weight": 9
}